dataset_version,embedding_model,environment,git_commit,iteration,latency_ms,query_id,result_scope,retrieval_config,retrieval_mode,retrieval_parameters,returned_chunk_ids,timestamp
demo-v1,demo/deterministic-token-hash,"{""python"": ""3.11.15"", ""platform"": ""Linux-6.12.76-linuxkit-aarch64-with-glibc2.41"", ""database"": ""PostgreSQL + pgvector"", ""demo"": true, ""git_dirty"": ""false""}",32f626a17c60ba51aeb0ffebf518229ef8a8bb99,0,1.6072909998001705,demo-q1,demo,"{""modes"": [""exact"", ""hnsw"", ""bm25"", ""hybrid""], ""top_k"": 10, ""iterations"": 5, ""warmup_queries_per_mode"": 5}",exact,"{""top_k"": 10, ""distance"": ""cosine"", ""index"": ""disabled""}","[-1001, -1004, -1005, -1002, -1003]",2026-07-13T15:59:09.634932+00:00
demo-v1,demo/deterministic-token-hash,"{""python"": ""3.11.15"", ""platform"": ""Linux-6.12.76-linuxkit-aarch64-with-glibc2.41"", ""database"": ""PostgreSQL + pgvector"", ""demo"": true, ""git_dirty"": ""false""}",32f626a17c60ba51aeb0ffebf518229ef8a8bb99,0,1.4104159999988042,demo-q2,demo,"{""modes"": [""exact"", ""hnsw"", ""bm25"", ""hybrid""], ""top_k"": 10, ""iterations"": 5, ""warmup_queries_per_mode"": 5}",exact,"{""top_k"": 10, ""distance"": ""cosine"", ""index"": ""disabled""}","[-1002, -1004, -1001, -1005, -1003]",2026-07-13T15:59:09.634932+00:00
demo-v1,demo/deterministic-token-hash,"{""python"": ""3.11.15"", ""platform"": ""Linux-6.12.76-linuxkit-aarch64-with-glibc2.41"", ""database"": ""PostgreSQL + pgvector"", ""demo"": true, ""git_dirty"": ""false""}",32f626a17c60ba51aeb0ffebf518229ef8a8bb99,0,1.3684159998774703,demo-q3,demo,"{""modes"": [""exact"", ""hnsw"", ""bm25"", ""hybrid""], ""top_k"": 10, ""iterations"": 5, ""warmup_queries_per_mode"": 5}",exact,"{""top_k"": 10, ""distance"": ""cosine"", ""index"": ""disabled""}","[-1003, -1004, -1005, -1002, -1001]",2026-07-13T15:59:09.634932+00:00
demo-v1,demo/deterministic-token-hash,"{""python"": ""3.11.15"", ""platform"": ""Linux-6.12.76-linuxkit-aarch64-with-glibc2.41"", ""database"": ""PostgreSQL + pgvector"", ""demo"": true, ""git_dirty"": ""false""}",32f626a17c60ba51aeb0ffebf518229ef8a8bb99,0,1.3481249998221756,demo-q4,demo,"{""modes"": [""exact"", ""hnsw"", ""bm25"", ""hybrid""], ""top_k"": 10, ""iterations"": 5, ""warmup_queries_per_mode"": 5}",exact,"{""top_k"": 10, ""distance"": ""cosine"", ""index"": ""disabled""}","[-1004, -1002, -1001, -1005, -1003]",2026-07-13T15:59:09.634932+00:00
demo-v1,demo/deterministic-token-hash,"{""python"": ""3.11.15"", ""platform"": ""Linux-6.12.76-linuxkit-aarch64-with-glibc2.41"", ""database"": ""PostgreSQL + pgvector"", ""demo"": true, ""git_dirty"": ""false""}",32f626a17c60ba51aeb0ffebf518229ef8a8bb99,0,1.6881250003280002,demo-q5,demo,"{""modes"": [""exact"", ""hnsw"", ""bm25"", ""hybrid""], ""top_k"": 10, ""iterations"": 5, ""warmup_queries_per_mode"": 5}",exact,"{""top_k"": 10, ""distance"": ""cosine"", ""index"": ""disabled""}","[-1005, -1004, -1003, -1002, -1001]",2026-07-13T15:59:09.634932+00:00
demo-v1,demo/deterministic-token-hash,"{""python"": ""3.11.15"", ""platform"": ""Linux-6.12.76-linuxkit-aarch64-with-glibc2.41"", ""database"": ""PostgreSQL + pgvector"", ""demo"": true, ""git_dirty"": ""false""}",32f626a17c60ba51aeb0ffebf518229ef8a8bb99,1,1.4583330003006267,demo-q1,demo,"{""modes"": [""exact"", ""hnsw"", ""bm25"", ""hybrid""], ""top_k"": 10, ""iterations"": 5, ""warmup_queries_per_mode"": 5}",exact,"{""top_k"": 10, ""distance"": ""cosine"", ""index"": ""disabled""}","[-1001, -1004, -1005, -1002, -1003]",2026-07-13T15:59:09.634932+00:00
demo-v1,demo/deterministic-token-hash,"{""python"": ""3.11.15"", ""platform"": ""Linux-6.12.76-linuxkit-aarch64-with-glibc2.41"", ""database"": ""PostgreSQL + pgvector"", ""demo"": true, ""git_dirty"": ""false""}",32f626a17c60ba51aeb0ffebf518229ef8a8bb99,1,1.430750000054104,demo-q2,demo,"{""modes"": [""exact"", ""hnsw"", ""bm25"", ""hybrid""], ""top_k"": 10, ""iterations"": 5, ""warmup_queries_per_mode"": 5}",exact,"{""top_k"": 10, ""distance"": ""cosine"", ""index"": ""disabled""}","[-1002, -1004, -1001, -1005, -1003]",2026-07-13T15:59:09.634932+00:00
demo-v1,demo/deterministic-token-hash,"{""python"": ""3.11.15"", ""platform"": ""Linux-6.12.76-linuxkit-aarch64-with-glibc2.41"", ""database"": ""PostgreSQL + pgvector"", ""demo"": true, ""git_dirty"": ""false""}",32f626a17c60ba51aeb0ffebf518229ef8a8bb99,1,1.3368750001063745,demo-q3,demo,"{""modes"": [""exact"", ""hnsw"", ""bm25"", ""hybrid""], ""top_k"": 10, ""iterations"": 5, ""warmup_queries_per_mode"": 5}",exact,"{""top_k"": 10, ""distance"": ""cosine"", ""index"": ""disabled""}","[-1003, -1004, -1005, -1002, -1001]",2026-07-13T15:59:09.634932+00:00
demo-v1,demo/deterministic-token-hash,"{""python"": ""3.11.15"", ""platform"": ""Linux-6.12.76-linuxkit-aarch64-with-glibc2.41"", ""database"": ""PostgreSQL + pgvector"", ""demo"": true, ""git_dirty"": ""false""}",32f626a17c60ba51aeb0ffebf518229ef8a8bb99,1,1.475749999826803,demo-q4,demo,"{""modes"": [""exact"", ""hnsw"", ""bm25"", ""hybrid""], ""top_k"": 10, ""iterations"": 5, ""warmup_queries_per_mode"": 5}",exact,"{""top_k"": 10, ""distance"": ""cosine"", ""index"": ""disabled""}","[-1004, -1002, -1001, -1005, -1003]",2026-07-13T15:59:09.634932+00:00
demo-v1,demo/deterministic-token-hash,"{""python"": ""3.11.15"", ""platform"": ""Linux-6.12.76-linuxkit-aarch64-with-glibc2.41"", ""database"": ""PostgreSQL + pgvector"", ""demo"": true, ""git_dirty"": ""false""}",32f626a17c60ba51aeb0ffebf518229ef8a8bb99,1,1.8095840000569297,demo-q5,demo,"{""modes"": [""exact"", ""hnsw"", ""bm25"", ""hybrid""], ""top_k"": 10, ""iterations"": 5, ""warmup_queries_per_mode"": 5}",exact,"{""top_k"": 10, ""distance"": ""cosine"", ""index"": ""disabled""}","[-1005, -1004, -1003, -1002, -1001]",2026-07-13T15:59:09.634932+00:00
demo-v1,demo/deterministic-token-hash,"{""python"": ""3.11.15"", ""platform"": ""Linux-6.12.76-linuxkit-aarch64-with-glibc2.41"", ""database"": ""PostgreSQL + pgvector"", ""demo"": true, ""git_dirty"": ""false""}",32f626a17c60ba51aeb0ffebf518229ef8a8bb99,2,1.3533330002246657,demo-q1,demo,"{""modes"": [""exact"", ""hnsw"", ""bm25"", ""hybrid""], ""top_k"": 10, ""iterations"": 5, ""warmup_queries_per_mode"": 5}",exact,"{""top_k"": 10, ""distance"": ""cosine"", ""index"": ""disabled""}","[-1001, -1004, -1005, -1002, -1003]",2026-07-13T15:59:09.634932+00:00
demo-v1,demo/deterministic-token-hash,"{""python"": ""3.11.15"", ""platform"": ""Linux-6.12.76-linuxkit-aarch64-with-glibc2.41"", ""database"": ""PostgreSQL + pgvector"", ""demo"": true, ""git_dirty"": ""false""}",32f626a17c60ba51aeb0ffebf518229ef8a8bb99,2,1.4720829999532725,demo-q2,demo,"{""modes"": [""exact"", ""hnsw"", ""bm25"", ""hybrid""], ""top_k"": 10, ""iterations"": 5, ""warmup_queries_per_mode"": 5}",exact,"{""top_k"": 10, ""distance"": ""cosine"", ""index"": ""disabled""}","[-1002, -1004, -1001, -1005, -1003]",2026-07-13T15:59:09.634932+00:00
demo-v1,demo/deterministic-token-hash,"{""python"": ""3.11.15"", ""platform"": ""Linux-6.12.76-linuxkit-aarch64-with-glibc2.41"", ""database"": ""PostgreSQL + pgvector"", ""demo"": true, ""git_dirty"": ""false""}",32f626a17c60ba51aeb0ffebf518229ef8a8bb99,2,1.3179579996176471,demo-q3,demo,"{""modes"": [""exact"", ""hnsw"", ""bm25"", ""hybrid""], ""top_k"": 10, ""iterations"": 5, ""warmup_queries_per_mode"": 5}",exact,"{""top_k"": 10, ""distance"": ""cosine"", ""index"": ""disabled""}","[-1003, -1004, -1005, -1002, -1001]",2026-07-13T15:59:09.634932+00:00
demo-v1,demo/deterministic-token-hash,"{""python"": ""3.11.15"", ""platform"": ""Linux-6.12.76-linuxkit-aarch64-with-glibc2.41"", ""database"": ""PostgreSQL + pgvector"", ""demo"": true, ""git_dirty"": ""false""}",32f626a17c60ba51aeb0ffebf518229ef8a8bb99,2,1.3612500001727312,demo-q4,demo,"{""modes"": [""exact"", ""hnsw"", ""bm25"", ""hybrid""], ""top_k"": 10, ""iterations"": 5, ""warmup_queries_per_mode"": 5}",exact,"{""top_k"": 10, ""distance"": ""cosine"", ""index"": ""disabled""}","[-1004, -1002, -1001, -1005, -1003]",2026-07-13T15:59:09.634932+00:00
demo-v1,demo/deterministic-token-hash,"{""python"": ""3.11.15"", ""platform"": ""Linux-6.12.76-linuxkit-aarch64-with-glibc2.41"", ""database"": ""PostgreSQL + pgvector"", ""demo"": true, ""git_dirty"": ""false""}",32f626a17c60ba51aeb0ffebf518229ef8a8bb99,2,2.370874999996886,demo-q5,demo,"{""modes"": [""exact"", ""hnsw"", ""bm25"", ""hybrid""], ""top_k"": 10, ""iterations"": 5, ""warmup_queries_per_mode"": 5}",exact,"{""top_k"": 10, ""distance"": ""cosine"", ""index"": ""disabled""}","[-1005, -1004, -1003, -1002, -1001]",2026-07-13T15:59:09.634932+00:00
demo-v1,demo/deterministic-token-hash,"{""python"": ""3.11.15"", ""platform"": ""Linux-6.12.76-linuxkit-aarch64-with-glibc2.41"", ""database"": ""PostgreSQL + pgvector"", ""demo"": true, ""git_dirty"": ""false""}",32f626a17c60ba51aeb0ffebf518229ef8a8bb99,3,1.4854999999442953,demo-q1,demo,"{""modes"": [""exact"", ""hnsw"", ""bm25"", ""hybrid""], ""top_k"": 10, ""iterations"": 5, ""warmup_queries_per_mode"": 5}",exact,"{""top_k"": 10, ""distance"": ""cosine"", ""index"": ""disabled""}","[-1001, -1004, -1005, -1002, -1003]",2026-07-13T15:59:09.634932+00:00
demo-v1,demo/deterministic-token-hash,"{""python"": ""3.11.15"", ""platform"": ""Linux-6.12.76-linuxkit-aarch64-with-glibc2.41"", ""database"": ""PostgreSQL + pgvector"", ""demo"": true, ""git_dirty"": ""false""}",32f626a17c60ba51aeb0ffebf518229ef8a8bb99,3,1.6134160000547126,demo-q2,demo,"{""modes"": [""exact"", ""hnsw"", ""bm25"", ""hybrid""], ""top_k"": 10, ""iterations"": 5, ""warmup_queries_per_mode"": 5}",exact,"{""top_k"": 10, ""distance"": ""cosine"", ""index"": ""disabled""}","[-1002, -1004, -1001, -1005, -1003]",2026-07-13T15:59:09.634932+00:00
demo-v1,demo/deterministic-token-hash,"{""python"": ""3.11.15"", ""platform"": ""Linux-6.12.76-linuxkit-aarch64-with-glibc2.41"", ""database"": ""PostgreSQL + pgvector"", ""demo"": true, ""git_dirty"": ""false""}",32f626a17c60ba51aeb0ffebf518229ef8a8bb99,3,1.416417000200454,demo-q3,demo,"{""modes"": [""exact"", ""hnsw"", ""bm25"", ""hybrid""], ""top_k"": 10, ""iterations"": 5, ""warmup_queries_per_mode"": 5}",exact,"{""top_k"": 10, ""distance"": ""cosine"", ""index"": ""disabled""}","[-1003, -1004, -1005, -1002, -1001]",2026-07-13T15:59:09.634932+00:00
demo-v1,demo/deterministic-token-hash,"{""python"": ""3.11.15"", ""platform"": ""Linux-6.12.76-linuxkit-aarch64-with-glibc2.41"", ""database"": ""PostgreSQL + pgvector"", ""demo"": true, ""git_dirty"": ""false""}",32f626a17c60ba51aeb0ffebf518229ef8a8bb99,3,1.3843749998159183,demo-q4,demo,"{""modes"": [""exact"", ""hnsw"", ""bm25"", ""hybrid""], ""top_k"": 10, ""iterations"": 5, ""warmup_queries_per_mode"": 5}",exact,"{""top_k"": 10, ""distance"": ""cosine"", ""index"": ""disabled""}","[-1004, -1002, -1001, -1005, -1003]",2026-07-13T15:59:09.634932+00:00
demo-v1,demo/deterministic-token-hash,"{""python"": ""3.11.15"", ""platform"": ""Linux-6.12.76-linuxkit-aarch64-with-glibc2.41"", ""database"": ""PostgreSQL + pgvector"", ""demo"": true, ""git_dirty"": ""false""}",32f626a17c60ba51aeb0ffebf518229ef8a8bb99,3,1.6347910000149568,demo-q5,demo,"{""modes"": [""exact"", ""hnsw"", ""bm25"", ""hybrid""], ""top_k"": 10, ""iterations"": 5, ""warmup_queries_per_mode"": 5}",exact,"{""top_k"": 10, ""distance"": ""cosine"", ""index"": ""disabled""}","[-1005, -1004, -1003, -1002, -1001]",2026-07-13T15:59:09.634932+00:00
demo-v1,demo/deterministic-token-hash,"{""python"": ""3.11.15"", ""platform"": ""Linux-6.12.76-linuxkit-aarch64-with-glibc2.41"", ""database"": ""PostgreSQL + pgvector"", ""demo"": true, ""git_dirty"": ""false""}",32f626a17c60ba51aeb0ffebf518229ef8a8bb99,4,1.4006250003149034,demo-q1,demo,"{""modes"": [""exact"", ""hnsw"", ""bm25"", ""hybrid""], ""top_k"": 10, ""iterations"": 5, ""warmup_queries_per_mode"": 5}",exact,"{""top_k"": 10, ""distance"": ""cosine"", ""index"": ""disabled""}","[-1001, -1004, -1005, -1002, -1003]",2026-07-13T15:59:09.634932+00:00
demo-v1,demo/deterministic-token-hash,"{""python"": ""3.11.15"", ""platform"": ""Linux-6.12.76-linuxkit-aarch64-with-glibc2.41"", ""database"": ""PostgreSQL + pgvector"", ""demo"": true, ""git_dirty"": ""false""}",32f626a17c60ba51aeb0ffebf518229ef8a8bb99,4,1.8310000000383297,demo-q2,demo,"{""modes"": [""exact"", ""hnsw"", ""bm25"", ""hybrid""], ""top_k"": 10, ""iterations"": 5, ""warmup_queries_per_mode"": 5}",exact,"{""top_k"": 10, ""distance"": ""cosine"", ""index"": ""disabled""}","[-1002, -1004, -1001, -1005, -1003]",2026-07-13T15:59:09.634932+00:00
demo-v1,demo/deterministic-token-hash,"{""python"": ""3.11.15"", ""platform"": ""Linux-6.12.76-linuxkit-aarch64-with-glibc2.41"", ""database"": ""PostgreSQL + pgvector"", ""demo"": true, ""git_dirty"": ""false""}",32f626a17c60ba51aeb0ffebf518229ef8a8bb99,4,2.0443329999579873,demo-q3,demo,"{""modes"": [""exact"", ""hnsw"", ""bm25"", ""hybrid""], ""top_k"": 10, ""iterations"": 5, ""warmup_queries_per_mode"": 5}",exact,"{""top_k"": 10, ""distance"": ""cosine"", ""index"": ""disabled""}","[-1003, -1004, -1005, -1002, -1001]",2026-07-13T15:59:09.634932+00:00
demo-v1,demo/deterministic-token-hash,"{""python"": ""3.11.15"", ""platform"": ""Linux-6.12.76-linuxkit-aarch64-with-glibc2.41"", ""database"": ""PostgreSQL + pgvector"", ""demo"": true, ""git_dirty"": ""false""}",32f626a17c60ba51aeb0ffebf518229ef8a8bb99,4,1.5979169997990539,demo-q4,demo,"{""modes"": [""exact"", ""hnsw"", ""bm25"", ""hybrid""], ""top_k"": 10, ""iterations"": 5, ""warmup_queries_per_mode"": 5}",exact,"{""top_k"": 10, ""distance"": ""cosine"", ""index"": ""disabled""}","[-1004, -1002, -1001, -1005, -1003]",2026-07-13T15:59:09.634932+00:00
demo-v1,demo/deterministic-token-hash,"{""python"": ""3.11.15"", ""platform"": ""Linux-6.12.76-linuxkit-aarch64-with-glibc2.41"", ""database"": ""PostgreSQL + pgvector"", ""demo"": true, ""git_dirty"": ""false""}",32f626a17c60ba51aeb0ffebf518229ef8a8bb99,4,1.6627499999231077,demo-q5,demo,"{""modes"": [""exact"", ""hnsw"", ""bm25"", ""hybrid""], ""top_k"": 10, ""iterations"": 5, ""warmup_queries_per_mode"": 5}",exact,"{""top_k"": 10, ""distance"": ""cosine"", ""index"": ""disabled""}","[-1005, -1004, -1003, -1002, -1001]",2026-07-13T15:59:09.634932+00:00
demo-v1,demo/deterministic-token-hash,"{""python"": ""3.11.15"", ""platform"": ""Linux-6.12.76-linuxkit-aarch64-with-glibc2.41"", ""database"": ""PostgreSQL + pgvector"", ""demo"": true, ""git_dirty"": ""false""}",32f626a17c60ba51aeb0ffebf518229ef8a8bb99,0,1.5194590000646713,demo-q1,demo,"{""modes"": [""exact"", ""hnsw"", ""bm25"", ""hybrid""], ""top_k"": 10, ""iterations"": 5, ""warmup_queries_per_mode"": 5}",hnsw,"{""top_k"": 10, ""distance"": ""cosine"", ""m"": 16, ""ef_construction"": 64, ""ef_search"": 40, ""index"": ""ix_document_chunks_embedding_hnsw""}","[-1001, -1004, -1005, -1002, -1003]",2026-07-13T15:59:09.634932+00:00
demo-v1,demo/deterministic-token-hash,"{""python"": ""3.11.15"", ""platform"": ""Linux-6.12.76-linuxkit-aarch64-with-glibc2.41"", ""database"": ""PostgreSQL + pgvector"", ""demo"": true, ""git_dirty"": ""false""}",32f626a17c60ba51aeb0ffebf518229ef8a8bb99,0,1.7032499999913853,demo-q2,demo,"{""modes"": [""exact"", ""hnsw"", ""bm25"", ""hybrid""], ""top_k"": 10, ""iterations"": 5, ""warmup_queries_per_mode"": 5}",hnsw,"{""top_k"": 10, ""distance"": ""cosine"", ""m"": 16, ""ef_construction"": 64, ""ef_search"": 40, ""index"": ""ix_document_chunks_embedding_hnsw""}","[-1002, -1004, -1001, -1005, -1003]",2026-07-13T15:59:09.634932+00:00
demo-v1,demo/deterministic-token-hash,"{""python"": ""3.11.15"", ""platform"": ""Linux-6.12.76-linuxkit-aarch64-with-glibc2.41"", ""database"": ""PostgreSQL + pgvector"", ""demo"": true, ""git_dirty"": ""false""}",32f626a17c60ba51aeb0ffebf518229ef8a8bb99,0,1.4031670002623287,demo-q3,demo,"{""modes"": [""exact"", ""hnsw"", ""bm25"", ""hybrid""], ""top_k"": 10, ""iterations"": 5, ""warmup_queries_per_mode"": 5}",hnsw,"{""top_k"": 10, ""distance"": ""cosine"", ""m"": 16, ""ef_construction"": 64, ""ef_search"": 40, ""index"": ""ix_document_chunks_embedding_hnsw""}","[-1003, -1004, -1005, -1002, -1001]",2026-07-13T15:59:09.634932+00:00
demo-v1,demo/deterministic-token-hash,"{""python"": ""3.11.15"", ""platform"": ""Linux-6.12.76-linuxkit-aarch64-with-glibc2.41"", ""database"": ""PostgreSQL + pgvector"", ""demo"": true, ""git_dirty"": ""false""}",32f626a17c60ba51aeb0ffebf518229ef8a8bb99,0,1.4447090002249752,demo-q4,demo,"{""modes"": [""exact"", ""hnsw"", ""bm25"", ""hybrid""], ""top_k"": 10, ""iterations"": 5, ""warmup_queries_per_mode"": 5}",hnsw,"{""top_k"": 10, ""distance"": ""cosine"", ""m"": 16, ""ef_construction"": 64, ""ef_search"": 40, ""index"": ""ix_document_chunks_embedding_hnsw""}","[-1004, -1002, -1001, -1005, -1003]",2026-07-13T15:59:09.634932+00:00
demo-v1,demo/deterministic-token-hash,"{""python"": ""3.11.15"", ""platform"": ""Linux-6.12.76-linuxkit-aarch64-with-glibc2.41"", ""database"": ""PostgreSQL + pgvector"", ""demo"": true, ""git_dirty"": ""false""}",32f626a17c60ba51aeb0ffebf518229ef8a8bb99,0,1.5222920001178863,demo-q5,demo,"{""modes"": [""exact"", ""hnsw"", ""bm25"", ""hybrid""], ""top_k"": 10, ""iterations"": 5, ""warmup_queries_per_mode"": 5}",hnsw,"{""top_k"": 10, ""distance"": ""cosine"", ""m"": 16, ""ef_construction"": 64, ""ef_search"": 40, ""index"": ""ix_document_chunks_embedding_hnsw""}","[-1005, -1004, -1003, -1002, -1001]",2026-07-13T15:59:09.634932+00:00
demo-v1,demo/deterministic-token-hash,"{""python"": ""3.11.15"", ""platform"": ""Linux-6.12.76-linuxkit-aarch64-with-glibc2.41"", ""database"": ""PostgreSQL + pgvector"", ""demo"": true, ""git_dirty"": ""false""}",32f626a17c60ba51aeb0ffebf518229ef8a8bb99,1,1.7777080001906143,demo-q1,demo,"{""modes"": [""exact"", ""hnsw"", ""bm25"", ""hybrid""], ""top_k"": 10, ""iterations"": 5, ""warmup_queries_per_mode"": 5}",hnsw,"{""top_k"": 10, ""distance"": ""cosine"", ""m"": 16, ""ef_construction"": 64, ""ef_search"": 40, ""index"": ""ix_document_chunks_embedding_hnsw""}","[-1001, -1004, -1005, -1002, -1003]",2026-07-13T15:59:09.634932+00:00
demo-v1,demo/deterministic-token-hash,"{""python"": ""3.11.15"", ""platform"": ""Linux-6.12.76-linuxkit-aarch64-with-glibc2.41"", ""database"": ""PostgreSQL + pgvector"", ""demo"": true, ""git_dirty"": ""false""}",32f626a17c60ba51aeb0ffebf518229ef8a8bb99,1,1.6069589996732248,demo-q2,demo,"{""modes"": [""exact"", ""hnsw"", ""bm25"", ""hybrid""], ""top_k"": 10, ""iterations"": 5, ""warmup_queries_per_mode"": 5}",hnsw,"{""top_k"": 10, ""distance"": ""cosine"", ""m"": 16, ""ef_construction"": 64, ""ef_search"": 40, ""index"": ""ix_document_chunks_embedding_hnsw""}","[-1002, -1004, -1001, -1005, -1003]",2026-07-13T15:59:09.634932+00:00
demo-v1,demo/deterministic-token-hash,"{""python"": ""3.11.15"", ""platform"": ""Linux-6.12.76-linuxkit-aarch64-with-glibc2.41"", ""database"": ""PostgreSQL + pgvector"", ""demo"": true, ""git_dirty"": ""false""}",32f626a17c60ba51aeb0ffebf518229ef8a8bb99,1,1.3321249998625717,demo-q3,demo,"{""modes"": [""exact"", ""hnsw"", ""bm25"", ""hybrid""], ""top_k"": 10, ""iterations"": 5, ""warmup_queries_per_mode"": 5}",hnsw,"{""top_k"": 10, ""distance"": ""cosine"", ""m"": 16, ""ef_construction"": 64, ""ef_search"": 40, ""index"": ""ix_document_chunks_embedding_hnsw""}","[-1003, -1004, -1005, -1002, -1001]",2026-07-13T15:59:09.634932+00:00
demo-v1,demo/deterministic-token-hash,"{""python"": ""3.11.15"", ""platform"": ""Linux-6.12.76-linuxkit-aarch64-with-glibc2.41"", ""database"": ""PostgreSQL + pgvector"", ""demo"": true, ""git_dirty"": ""false""}",32f626a17c60ba51aeb0ffebf518229ef8a8bb99,1,1.6425830003754527,demo-q4,demo,"{""modes"": [""exact"", ""hnsw"", ""bm25"", ""hybrid""], ""top_k"": 10, ""iterations"": 5, ""warmup_queries_per_mode"": 5}",hnsw,"{""top_k"": 10, ""distance"": ""cosine"", ""m"": 16, ""ef_construction"": 64, ""ef_search"": 40, ""index"": ""ix_document_chunks_embedding_hnsw""}","[-1004, -1002, -1001, -1005, -1003]",2026-07-13T15:59:09.634932+00:00
demo-v1,demo/deterministic-token-hash,"{""python"": ""3.11.15"", ""platform"": ""Linux-6.12.76-linuxkit-aarch64-with-glibc2.41"", ""database"": ""PostgreSQL + pgvector"", ""demo"": true, ""git_dirty"": ""false""}",32f626a17c60ba51aeb0ffebf518229ef8a8bb99,1,1.475208000101702,demo-q5,demo,"{""modes"": [""exact"", ""hnsw"", ""bm25"", ""hybrid""], ""top_k"": 10, ""iterations"": 5, ""warmup_queries_per_mode"": 5}",hnsw,"{""top_k"": 10, ""distance"": ""cosine"", ""m"": 16, ""ef_construction"": 64, ""ef_search"": 40, ""index"": ""ix_document_chunks_embedding_hnsw""}","[-1005, -1004, -1003, -1002, -1001]",2026-07-13T15:59:09.634932+00:00
demo-v1,demo/deterministic-token-hash,"{""python"": ""3.11.15"", ""platform"": ""Linux-6.12.76-linuxkit-aarch64-with-glibc2.41"", ""database"": ""PostgreSQL + pgvector"", ""demo"": true, ""git_dirty"": ""false""}",32f626a17c60ba51aeb0ffebf518229ef8a8bb99,2,1.311499999701482,demo-q1,demo,"{""modes"": [""exact"", ""hnsw"", ""bm25"", ""hybrid""], ""top_k"": 10, ""iterations"": 5, ""warmup_queries_per_mode"": 5}",hnsw,"{""top_k"": 10, ""distance"": ""cosine"", ""m"": 16, ""ef_construction"": 64, ""ef_search"": 40, ""index"": ""ix_document_chunks_embedding_hnsw""}","[-1001, -1004, -1005, -1002, -1003]",2026-07-13T15:59:09.634932+00:00
demo-v1,demo/deterministic-token-hash,"{""python"": ""3.11.15"", ""platform"": ""Linux-6.12.76-linuxkit-aarch64-with-glibc2.41"", ""database"": ""PostgreSQL + pgvector"", ""demo"": true, ""git_dirty"": ""false""}",32f626a17c60ba51aeb0ffebf518229ef8a8bb99,2,1.3970420000077866,demo-q2,demo,"{""modes"": [""exact"", ""hnsw"", ""bm25"", ""hybrid""], ""top_k"": 10, ""iterations"": 5, ""warmup_queries_per_mode"": 5}",hnsw,"{""top_k"": 10, ""distance"": ""cosine"", ""m"": 16, ""ef_construction"": 64, ""ef_search"": 40, ""index"": ""ix_document_chunks_embedding_hnsw""}","[-1002, -1004, -1001, -1005, -1003]",2026-07-13T15:59:09.634932+00:00
demo-v1,demo/deterministic-token-hash,"{""python"": ""3.11.15"", ""platform"": ""Linux-6.12.76-linuxkit-aarch64-with-glibc2.41"", ""database"": ""PostgreSQL + pgvector"", ""demo"": true, ""git_dirty"": ""false""}",32f626a17c60ba51aeb0ffebf518229ef8a8bb99,2,1.3995419999446312,demo-q3,demo,"{""modes"": [""exact"", ""hnsw"", ""bm25"", ""hybrid""], ""top_k"": 10, ""iterations"": 5, ""warmup_queries_per_mode"": 5}",hnsw,"{""top_k"": 10, ""distance"": ""cosine"", ""m"": 16, ""ef_construction"": 64, ""ef_search"": 40, ""index"": ""ix_document_chunks_embedding_hnsw""}","[-1003, -1004, -1005, -1002, -1001]",2026-07-13T15:59:09.634932+00:00
demo-v1,demo/deterministic-token-hash,"{""python"": ""3.11.15"", ""platform"": ""Linux-6.12.76-linuxkit-aarch64-with-glibc2.41"", ""database"": ""PostgreSQL + pgvector"", ""demo"": true, ""git_dirty"": ""false""}",32f626a17c60ba51aeb0ffebf518229ef8a8bb99,2,1.3559999997596606,demo-q4,demo,"{""modes"": [""exact"", ""hnsw"", ""bm25"", ""hybrid""], ""top_k"": 10, ""iterations"": 5, ""warmup_queries_per_mode"": 5}",hnsw,"{""top_k"": 10, ""distance"": ""cosine"", ""m"": 16, ""ef_construction"": 64, ""ef_search"": 40, ""index"": ""ix_document_chunks_embedding_hnsw""}","[-1004, -1002, -1001, -1005, -1003]",2026-07-13T15:59:09.634932+00:00
demo-v1,demo/deterministic-token-hash,"{""python"": ""3.11.15"", ""platform"": ""Linux-6.12.76-linuxkit-aarch64-with-glibc2.41"", ""database"": ""PostgreSQL + pgvector"", ""demo"": true, ""git_dirty"": ""false""}",32f626a17c60ba51aeb0ffebf518229ef8a8bb99,2,1.9633340002656041,demo-q5,demo,"{""modes"": [""exact"", ""hnsw"", ""bm25"", ""hybrid""], ""top_k"": 10, ""iterations"": 5, ""warmup_queries_per_mode"": 5}",hnsw,"{""top_k"": 10, ""distance"": ""cosine"", ""m"": 16, ""ef_construction"": 64, ""ef_search"": 40, ""index"": ""ix_document_chunks_embedding_hnsw""}","[-1005, -1004, -1003, -1002, -1001]",2026-07-13T15:59:09.634932+00:00
demo-v1,demo/deterministic-token-hash,"{""python"": ""3.11.15"", ""platform"": ""Linux-6.12.76-linuxkit-aarch64-with-glibc2.41"", ""database"": ""PostgreSQL + pgvector"", ""demo"": true, ""git_dirty"": ""false""}",32f626a17c60ba51aeb0ffebf518229ef8a8bb99,3,1.3571659997069219,demo-q1,demo,"{""modes"": [""exact"", ""hnsw"", ""bm25"", ""hybrid""], ""top_k"": 10, ""iterations"": 5, ""warmup_queries_per_mode"": 5}",hnsw,"{""top_k"": 10, ""distance"": ""cosine"", ""m"": 16, ""ef_construction"": 64, ""ef_search"": 40, ""index"": ""ix_document_chunks_embedding_hnsw""}","[-1001, -1004, -1005, -1002, -1003]",2026-07-13T15:59:09.634932+00:00
demo-v1,demo/deterministic-token-hash,"{""python"": ""3.11.15"", ""platform"": ""Linux-6.12.76-linuxkit-aarch64-with-glibc2.41"", ""database"": ""PostgreSQL + pgvector"", ""demo"": true, ""git_dirty"": ""false""}",32f626a17c60ba51aeb0ffebf518229ef8a8bb99,3,1.445667000098183,demo-q2,demo,"{""modes"": [""exact"", ""hnsw"", ""bm25"", ""hybrid""], ""top_k"": 10, ""iterations"": 5, ""warmup_queries_per_mode"": 5}",hnsw,"{""top_k"": 10, ""distance"": ""cosine"", ""m"": 16, ""ef_construction"": 64, ""ef_search"": 40, ""index"": ""ix_document_chunks_embedding_hnsw""}","[-1002, -1004, -1001, -1005, -1003]",2026-07-13T15:59:09.634932+00:00
demo-v1,demo/deterministic-token-hash,"{""python"": ""3.11.15"", ""platform"": ""Linux-6.12.76-linuxkit-aarch64-with-glibc2.41"", ""database"": ""PostgreSQL + pgvector"", ""demo"": true, ""git_dirty"": ""false""}",32f626a17c60ba51aeb0ffebf518229ef8a8bb99,3,1.40116600005058,demo-q3,demo,"{""modes"": [""exact"", ""hnsw"", ""bm25"", ""hybrid""], ""top_k"": 10, ""iterations"": 5, ""warmup_queries_per_mode"": 5}",hnsw,"{""top_k"": 10, ""distance"": ""cosine"", ""m"": 16, ""ef_construction"": 64, ""ef_search"": 40, ""index"": ""ix_document_chunks_embedding_hnsw""}","[-1003, -1004, -1005, -1002, -1001]",2026-07-13T15:59:09.634932+00:00
demo-v1,demo/deterministic-token-hash,"{""python"": ""3.11.15"", ""platform"": ""Linux-6.12.76-linuxkit-aarch64-with-glibc2.41"", ""database"": ""PostgreSQL + pgvector"", ""demo"": true, ""git_dirty"": ""false""}",32f626a17c60ba51aeb0ffebf518229ef8a8bb99,3,1.3572079997175024,demo-q4,demo,"{""modes"": [""exact"", ""hnsw"", ""bm25"", ""hybrid""], ""top_k"": 10, ""iterations"": 5, ""warmup_queries_per_mode"": 5}",hnsw,"{""top_k"": 10, ""distance"": ""cosine"", ""m"": 16, ""ef_construction"": 64, ""ef_search"": 40, ""index"": ""ix_document_chunks_embedding_hnsw""}","[-1004, -1002, -1001, -1005, -1003]",2026-07-13T15:59:09.634932+00:00
demo-v1,demo/deterministic-token-hash,"{""python"": ""3.11.15"", ""platform"": ""Linux-6.12.76-linuxkit-aarch64-with-glibc2.41"", ""database"": ""PostgreSQL + pgvector"", ""demo"": true, ""git_dirty"": ""false""}",32f626a17c60ba51aeb0ffebf518229ef8a8bb99,3,1.4927499996701954,demo-q5,demo,"{""modes"": [""exact"", ""hnsw"", ""bm25"", ""hybrid""], ""top_k"": 10, ""iterations"": 5, ""warmup_queries_per_mode"": 5}",hnsw,"{""top_k"": 10, ""distance"": ""cosine"", ""m"": 16, ""ef_construction"": 64, ""ef_search"": 40, ""index"": ""ix_document_chunks_embedding_hnsw""}","[-1005, -1004, -1003, -1002, -1001]",2026-07-13T15:59:09.634932+00:00
demo-v1,demo/deterministic-token-hash,"{""python"": ""3.11.15"", ""platform"": ""Linux-6.12.76-linuxkit-aarch64-with-glibc2.41"", ""database"": ""PostgreSQL + pgvector"", ""demo"": true, ""git_dirty"": ""false""}",32f626a17c60ba51aeb0ffebf518229ef8a8bb99,4,1.3195829997130204,demo-q1,demo,"{""modes"": [""exact"", ""hnsw"", ""bm25"", ""hybrid""], ""top_k"": 10, ""iterations"": 5, ""warmup_queries_per_mode"": 5}",hnsw,"{""top_k"": 10, ""distance"": ""cosine"", ""m"": 16, ""ef_construction"": 64, ""ef_search"": 40, ""index"": ""ix_document_chunks_embedding_hnsw""}","[-1001, -1004, -1005, -1002, -1003]",2026-07-13T15:59:09.634932+00:00
demo-v1,demo/deterministic-token-hash,"{""python"": ""3.11.15"", ""platform"": ""Linux-6.12.76-linuxkit-aarch64-with-glibc2.41"", ""database"": ""PostgreSQL + pgvector"", ""demo"": true, ""git_dirty"": ""false""}",32f626a17c60ba51aeb0ffebf518229ef8a8bb99,4,1.7432920003557228,demo-q2,demo,"{""modes"": [""exact"", ""hnsw"", ""bm25"", ""hybrid""], ""top_k"": 10, ""iterations"": 5, ""warmup_queries_per_mode"": 5}",hnsw,"{""top_k"": 10, ""distance"": ""cosine"", ""m"": 16, ""ef_construction"": 64, ""ef_search"": 40, ""index"": ""ix_document_chunks_embedding_hnsw""}","[-1002, -1004, -1001, -1005, -1003]",2026-07-13T15:59:09.634932+00:00
demo-v1,demo/deterministic-token-hash,"{""python"": ""3.11.15"", ""platform"": ""Linux-6.12.76-linuxkit-aarch64-with-glibc2.41"", ""database"": ""PostgreSQL + pgvector"", ""demo"": true, ""git_dirty"": ""false""}",32f626a17c60ba51aeb0ffebf518229ef8a8bb99,4,1.2957919998370926,demo-q3,demo,"{""modes"": [""exact"", ""hnsw"", ""bm25"", ""hybrid""], ""top_k"": 10, ""iterations"": 5, ""warmup_queries_per_mode"": 5}",hnsw,"{""top_k"": 10, ""distance"": ""cosine"", ""m"": 16, ""ef_construction"": 64, ""ef_search"": 40, ""index"": ""ix_document_chunks_embedding_hnsw""}","[-1003, -1004, -1005, -1002, -1001]",2026-07-13T15:59:09.634932+00:00
demo-v1,demo/deterministic-token-hash,"{""python"": ""3.11.15"", ""platform"": ""Linux-6.12.76-linuxkit-aarch64-with-glibc2.41"", ""database"": ""PostgreSQL + pgvector"", ""demo"": true, ""git_dirty"": ""false""}",32f626a17c60ba51aeb0ffebf518229ef8a8bb99,4,1.5874159998929827,demo-q4,demo,"{""modes"": [""exact"", ""hnsw"", ""bm25"", ""hybrid""], ""top_k"": 10, ""iterations"": 5, ""warmup_queries_per_mode"": 5}",hnsw,"{""top_k"": 10, ""distance"": ""cosine"", ""m"": 16, ""ef_construction"": 64, ""ef_search"": 40, ""index"": ""ix_document_chunks_embedding_hnsw""}","[-1004, -1002, -1001, -1005, -1003]",2026-07-13T15:59:09.634932+00:00
demo-v1,demo/deterministic-token-hash,"{""python"": ""3.11.15"", ""platform"": ""Linux-6.12.76-linuxkit-aarch64-with-glibc2.41"", ""database"": ""PostgreSQL + pgvector"", ""demo"": true, ""git_dirty"": ""false""}",32f626a17c60ba51aeb0ffebf518229ef8a8bb99,4,1.3533330002246657,demo-q5,demo,"{""modes"": [""exact"", ""hnsw"", ""bm25"", ""hybrid""], ""top_k"": 10, ""iterations"": 5, ""warmup_queries_per_mode"": 5}",hnsw,"{""top_k"": 10, ""distance"": ""cosine"", ""m"": 16, ""ef_construction"": 64, ""ef_search"": 40, ""index"": ""ix_document_chunks_embedding_hnsw""}","[-1005, -1004, -1003, -1002, -1001]",2026-07-13T15:59:09.634932+00:00
demo-v1,demo/deterministic-token-hash,"{""python"": ""3.11.15"", ""platform"": ""Linux-6.12.76-linuxkit-aarch64-with-glibc2.41"", ""database"": ""PostgreSQL + pgvector"", ""demo"": true, ""git_dirty"": ""false""}",32f626a17c60ba51aeb0ffebf518229ef8a8bb99,0,1.0181659999943804,demo-q1,demo,"{""modes"": [""exact"", ""hnsw"", ""bm25"", ""hybrid""], ""top_k"": 10, ""iterations"": 5, ""warmup_queries_per_mode"": 5}",bm25,"{""top_k"": 10, ""tokenizer"": ""jieba"", ""algorithm"": ""BM25Okapi""}","[-1001, -1004, -1002, -1005]",2026-07-13T15:59:09.634932+00:00
demo-v1,demo/deterministic-token-hash,"{""python"": ""3.11.15"", ""platform"": ""Linux-6.12.76-linuxkit-aarch64-with-glibc2.41"", ""database"": ""PostgreSQL + pgvector"", ""demo"": true, ""git_dirty"": ""false""}",32f626a17c60ba51aeb0ffebf518229ef8a8bb99,0,0.6809579999753623,demo-q2,demo,"{""modes"": [""exact"", ""hnsw"", ""bm25"", ""hybrid""], ""top_k"": 10, ""iterations"": 5, ""warmup_queries_per_mode"": 5}",bm25,"{""top_k"": 10, ""tokenizer"": ""jieba"", ""algorithm"": ""BM25Okapi""}","[-1002, -1001]",2026-07-13T15:59:09.634932+00:00
demo-v1,demo/deterministic-token-hash,"{""python"": ""3.11.15"", ""platform"": ""Linux-6.12.76-linuxkit-aarch64-with-glibc2.41"", ""database"": ""PostgreSQL + pgvector"", ""demo"": true, ""git_dirty"": ""false""}",32f626a17c60ba51aeb0ffebf518229ef8a8bb99,0,0.6507080001938448,demo-q3,demo,"{""modes"": [""exact"", ""hnsw"", ""bm25"", ""hybrid""], ""top_k"": 10, ""iterations"": 5, ""warmup_queries_per_mode"": 5}",bm25,"{""top_k"": 10, ""tokenizer"": ""jieba"", ""algorithm"": ""BM25Okapi""}","[-1003, -1004]",2026-07-13T15:59:09.634932+00:00
demo-v1,demo/deterministic-token-hash,"{""python"": ""3.11.15"", ""platform"": ""Linux-6.12.76-linuxkit-aarch64-with-glibc2.41"", ""database"": ""PostgreSQL + pgvector"", ""demo"": true, ""git_dirty"": ""false""}",32f626a17c60ba51aeb0ffebf518229ef8a8bb99,0,0.6743330000062997,demo-q4,demo,"{""modes"": [""exact"", ""hnsw"", ""bm25"", ""hybrid""], ""top_k"": 10, ""iterations"": 5, ""warmup_queries_per_mode"": 5}",bm25,"{""top_k"": 10, ""tokenizer"": ""jieba"", ""algorithm"": ""BM25Okapi""}","[-1004, -1003]",2026-07-13T15:59:09.634932+00:00
demo-v1,demo/deterministic-token-hash,"{""python"": ""3.11.15"", ""platform"": ""Linux-6.12.76-linuxkit-aarch64-with-glibc2.41"", ""database"": ""PostgreSQL + pgvector"", ""demo"": true, ""git_dirty"": ""false""}",32f626a17c60ba51aeb0ffebf518229ef8a8bb99,0,0.7877089997236908,demo-q5,demo,"{""modes"": [""exact"", ""hnsw"", ""bm25"", ""hybrid""], ""top_k"": 10, ""iterations"": 5, ""warmup_queries_per_mode"": 5}",bm25,"{""top_k"": 10, ""tokenizer"": ""jieba"", ""algorithm"": ""BM25Okapi""}",[-1005],2026-07-13T15:59:09.634932+00:00
demo-v1,demo/deterministic-token-hash,"{""python"": ""3.11.15"", ""platform"": ""Linux-6.12.76-linuxkit-aarch64-with-glibc2.41"", ""database"": ""PostgreSQL + pgvector"", ""demo"": true, ""git_dirty"": ""false""}",32f626a17c60ba51aeb0ffebf518229ef8a8bb99,1,0.72116699993785,demo-q1,demo,"{""modes"": [""exact"", ""hnsw"", ""bm25"", ""hybrid""], ""top_k"": 10, ""iterations"": 5, ""warmup_queries_per_mode"": 5}",bm25,"{""top_k"": 10, ""tokenizer"": ""jieba"", ""algorithm"": ""BM25Okapi""}","[-1001, -1004, -1002, -1005]",2026-07-13T15:59:09.634932+00:00
demo-v1,demo/deterministic-token-hash,"{""python"": ""3.11.15"", ""platform"": ""Linux-6.12.76-linuxkit-aarch64-with-glibc2.41"", ""database"": ""PostgreSQL + pgvector"", ""demo"": true, ""git_dirty"": ""false""}",32f626a17c60ba51aeb0ffebf518229ef8a8bb99,1,0.6719999996676052,demo-q2,demo,"{""modes"": [""exact"", ""hnsw"", ""bm25"", ""hybrid""], ""top_k"": 10, ""iterations"": 5, ""warmup_queries_per_mode"": 5}",bm25,"{""top_k"": 10, ""tokenizer"": ""jieba"", ""algorithm"": ""BM25Okapi""}","[-1002, -1001]",2026-07-13T15:59:09.634932+00:00
demo-v1,demo/deterministic-token-hash,"{""python"": ""3.11.15"", ""platform"": ""Linux-6.12.76-linuxkit-aarch64-with-glibc2.41"", ""database"": ""PostgreSQL + pgvector"", ""demo"": true, ""git_dirty"": ""false""}",32f626a17c60ba51aeb0ffebf518229ef8a8bb99,1,0.669209000079718,demo-q3,demo,"{""modes"": [""exact"", ""hnsw"", ""bm25"", ""hybrid""], ""top_k"": 10, ""iterations"": 5, ""warmup_queries_per_mode"": 5}",bm25,"{""top_k"": 10, ""tokenizer"": ""jieba"", ""algorithm"": ""BM25Okapi""}","[-1003, -1004]",2026-07-13T15:59:09.634932+00:00
demo-v1,demo/deterministic-token-hash,"{""python"": ""3.11.15"", ""platform"": ""Linux-6.12.76-linuxkit-aarch64-with-glibc2.41"", ""database"": ""PostgreSQL + pgvector"", ""demo"": true, ""git_dirty"": ""false""}",32f626a17c60ba51aeb0ffebf518229ef8a8bb99,1,0.7637080002496077,demo-q4,demo,"{""modes"": [""exact"", ""hnsw"", ""bm25"", ""hybrid""], ""top_k"": 10, ""iterations"": 5, ""warmup_queries_per_mode"": 5}",bm25,"{""top_k"": 10, ""tokenizer"": ""jieba"", ""algorithm"": ""BM25Okapi""}","[-1004, -1003]",2026-07-13T15:59:09.634932+00:00
demo-v1,demo/deterministic-token-hash,"{""python"": ""3.11.15"", ""platform"": ""Linux-6.12.76-linuxkit-aarch64-with-glibc2.41"", ""database"": ""PostgreSQL + pgvector"", ""demo"": true, ""git_dirty"": ""false""}",32f626a17c60ba51aeb0ffebf518229ef8a8bb99,1,0.8394579999730922,demo-q5,demo,"{""modes"": [""exact"", ""hnsw"", ""bm25"", ""hybrid""], ""top_k"": 10, ""iterations"": 5, ""warmup_queries_per_mode"": 5}",bm25,"{""top_k"": 10, ""tokenizer"": ""jieba"", ""algorithm"": ""BM25Okapi""}",[-1005],2026-07-13T15:59:09.634932+00:00
demo-v1,demo/deterministic-token-hash,"{""python"": ""3.11.15"", ""platform"": ""Linux-6.12.76-linuxkit-aarch64-with-glibc2.41"", ""database"": ""PostgreSQL + pgvector"", ""demo"": true, ""git_dirty"": ""false""}",32f626a17c60ba51aeb0ffebf518229ef8a8bb99,2,0.9359579998999834,demo-q1,demo,"{""modes"": [""exact"", ""hnsw"", ""bm25"", ""hybrid""], ""top_k"": 10, ""iterations"": 5, ""warmup_queries_per_mode"": 5}",bm25,"{""top_k"": 10, ""tokenizer"": ""jieba"", ""algorithm"": ""BM25Okapi""}","[-1001, -1004, -1002, -1005]",2026-07-13T15:59:09.634932+00:00
demo-v1,demo/deterministic-token-hash,"{""python"": ""3.11.15"", ""platform"": ""Linux-6.12.76-linuxkit-aarch64-with-glibc2.41"", ""database"": ""PostgreSQL + pgvector"", ""demo"": true, ""git_dirty"": ""false""}",32f626a17c60ba51aeb0ffebf518229ef8a8bb99,2,0.6872499998280546,demo-q2,demo,"{""modes"": [""exact"", ""hnsw"", ""bm25"", ""hybrid""], ""top_k"": 10, ""iterations"": 5, ""warmup_queries_per_mode"": 5}",bm25,"{""top_k"": 10, ""tokenizer"": ""jieba"", ""algorithm"": ""BM25Okapi""}","[-1002, -1001]",2026-07-13T15:59:09.634932+00:00
demo-v1,demo/deterministic-token-hash,"{""python"": ""3.11.15"", ""platform"": ""Linux-6.12.76-linuxkit-aarch64-with-glibc2.41"", ""database"": ""PostgreSQL + pgvector"", ""demo"": true, ""git_dirty"": ""false""}",32f626a17c60ba51aeb0ffebf518229ef8a8bb99,2,0.7859580000513233,demo-q3,demo,"{""modes"": [""exact"", ""hnsw"", ""bm25"", ""hybrid""], ""top_k"": 10, ""iterations"": 5, ""warmup_queries_per_mode"": 5}",bm25,"{""top_k"": 10, ""tokenizer"": ""jieba"", ""algorithm"": ""BM25Okapi""}","[-1003, -1004]",2026-07-13T15:59:09.634932+00:00
demo-v1,demo/deterministic-token-hash,"{""python"": ""3.11.15"", ""platform"": ""Linux-6.12.76-linuxkit-aarch64-with-glibc2.41"", ""database"": ""PostgreSQL + pgvector"", ""demo"": true, ""git_dirty"": ""false""}",32f626a17c60ba51aeb0ffebf518229ef8a8bb99,2,0.7421670002258907,demo-q4,demo,"{""modes"": [""exact"", ""hnsw"", ""bm25"", ""hybrid""], ""top_k"": 10, ""iterations"": 5, ""warmup_queries_per_mode"": 5}",bm25,"{""top_k"": 10, ""tokenizer"": ""jieba"", ""algorithm"": ""BM25Okapi""}","[-1004, -1003]",2026-07-13T15:59:09.634932+00:00
demo-v1,demo/deterministic-token-hash,"{""python"": ""3.11.15"", ""platform"": ""Linux-6.12.76-linuxkit-aarch64-with-glibc2.41"", ""database"": ""PostgreSQL + pgvector"", ""demo"": true, ""git_dirty"": ""false""}",32f626a17c60ba51aeb0ffebf518229ef8a8bb99,2,0.862916000187397,demo-q5,demo,"{""modes"": [""exact"", ""hnsw"", ""bm25"", ""hybrid""], ""top_k"": 10, ""iterations"": 5, ""warmup_queries_per_mode"": 5}",bm25,"{""top_k"": 10, ""tokenizer"": ""jieba"", ""algorithm"": ""BM25Okapi""}",[-1005],2026-07-13T15:59:09.634932+00:00
demo-v1,demo/deterministic-token-hash,"{""python"": ""3.11.15"", ""platform"": ""Linux-6.12.76-linuxkit-aarch64-with-glibc2.41"", ""database"": ""PostgreSQL + pgvector"", ""demo"": true, ""git_dirty"": ""false""}",32f626a17c60ba51aeb0ffebf518229ef8a8bb99,3,0.6672909998997056,demo-q1,demo,"{""modes"": [""exact"", ""hnsw"", ""bm25"", ""hybrid""], ""top_k"": 10, ""iterations"": 5, ""warmup_queries_per_mode"": 5}",bm25,"{""top_k"": 10, ""tokenizer"": ""jieba"", ""algorithm"": ""BM25Okapi""}","[-1001, -1004, -1002, -1005]",2026-07-13T15:59:09.634932+00:00
demo-v1,demo/deterministic-token-hash,"{""python"": ""3.11.15"", ""platform"": ""Linux-6.12.76-linuxkit-aarch64-with-glibc2.41"", ""database"": ""PostgreSQL + pgvector"", ""demo"": true, ""git_dirty"": ""false""}",32f626a17c60ba51aeb0ffebf518229ef8a8bb99,3,0.6375420002768806,demo-q2,demo,"{""modes"": [""exact"", ""hnsw"", ""bm25"", ""hybrid""], ""top_k"": 10, ""iterations"": 5, ""warmup_queries_per_mode"": 5}",bm25,"{""top_k"": 10, ""tokenizer"": ""jieba"", ""algorithm"": ""BM25Okapi""}","[-1002, -1001]",2026-07-13T15:59:09.634932+00:00
demo-v1,demo/deterministic-token-hash,"{""python"": ""3.11.15"", ""platform"": ""Linux-6.12.76-linuxkit-aarch64-with-glibc2.41"", ""database"": ""PostgreSQL + pgvector"", ""demo"": true, ""git_dirty"": ""false""}",32f626a17c60ba51aeb0ffebf518229ef8a8bb99,3,0.7416250000460423,demo-q3,demo,"{""modes"": [""exact"", ""hnsw"", ""bm25"", ""hybrid""], ""top_k"": 10, ""iterations"": 5, ""warmup_queries_per_mode"": 5}",bm25,"{""top_k"": 10, ""tokenizer"": ""jieba"", ""algorithm"": ""BM25Okapi""}","[-1003, -1004]",2026-07-13T15:59:09.634932+00:00
demo-v1,demo/deterministic-token-hash,"{""python"": ""3.11.15"", ""platform"": ""Linux-6.12.76-linuxkit-aarch64-with-glibc2.41"", ""database"": ""PostgreSQL + pgvector"", ""demo"": true, ""git_dirty"": ""false""}",32f626a17c60ba51aeb0ffebf518229ef8a8bb99,3,0.6830409997746756,demo-q4,demo,"{""modes"": [""exact"", ""hnsw"", ""bm25"", ""hybrid""], ""top_k"": 10, ""iterations"": 5, ""warmup_queries_per_mode"": 5}",bm25,"{""top_k"": 10, ""tokenizer"": ""jieba"", ""algorithm"": ""BM25Okapi""}","[-1004, -1003]",2026-07-13T15:59:09.634932+00:00
demo-v1,demo/deterministic-token-hash,"{""python"": ""3.11.15"", ""platform"": ""Linux-6.12.76-linuxkit-aarch64-with-glibc2.41"", ""database"": ""PostgreSQL + pgvector"", ""demo"": true, ""git_dirty"": ""false""}",32f626a17c60ba51aeb0ffebf518229ef8a8bb99,3,1.1549159999049152,demo-q5,demo,"{""modes"": [""exact"", ""hnsw"", ""bm25"", ""hybrid""], ""top_k"": 10, ""iterations"": 5, ""warmup_queries_per_mode"": 5}",bm25,"{""top_k"": 10, ""tokenizer"": ""jieba"", ""algorithm"": ""BM25Okapi""}",[-1005],2026-07-13T15:59:09.634932+00:00
demo-v1,demo/deterministic-token-hash,"{""python"": ""3.11.15"", ""platform"": ""Linux-6.12.76-linuxkit-aarch64-with-glibc2.41"", ""database"": ""PostgreSQL + pgvector"", ""demo"": true, ""git_dirty"": ""false""}",32f626a17c60ba51aeb0ffebf518229ef8a8bb99,4,0.7638749998477579,demo-q1,demo,"{""modes"": [""exact"", ""hnsw"", ""bm25"", ""hybrid""], ""top_k"": 10, ""iterations"": 5, ""warmup_queries_per_mode"": 5}",bm25,"{""top_k"": 10, ""tokenizer"": ""jieba"", ""algorithm"": ""BM25Okapi""}","[-1001, -1004, -1002, -1005]",2026-07-13T15:59:09.634932+00:00
demo-v1,demo/deterministic-token-hash,"{""python"": ""3.11.15"", ""platform"": ""Linux-6.12.76-linuxkit-aarch64-with-glibc2.41"", ""database"": ""PostgreSQL + pgvector"", ""demo"": true, ""git_dirty"": ""false""}",32f626a17c60ba51aeb0ffebf518229ef8a8bb99,4,0.6381250000231375,demo-q2,demo,"{""modes"": [""exact"", ""hnsw"", ""bm25"", ""hybrid""], ""top_k"": 10, ""iterations"": 5, ""warmup_queries_per_mode"": 5}",bm25,"{""top_k"": 10, ""tokenizer"": ""jieba"", ""algorithm"": ""BM25Okapi""}","[-1002, -1001]",2026-07-13T15:59:09.634932+00:00
demo-v1,demo/deterministic-token-hash,"{""python"": ""3.11.15"", ""platform"": ""Linux-6.12.76-linuxkit-aarch64-with-glibc2.41"", ""database"": ""PostgreSQL + pgvector"", ""demo"": true, ""git_dirty"": ""false""}",32f626a17c60ba51aeb0ffebf518229ef8a8bb99,4,0.6443329998546687,demo-q3,demo,"{""modes"": [""exact"", ""hnsw"", ""bm25"", ""hybrid""], ""top_k"": 10, ""iterations"": 5, ""warmup_queries_per_mode"": 5}",bm25,"{""top_k"": 10, ""tokenizer"": ""jieba"", ""algorithm"": ""BM25Okapi""}","[-1003, -1004]",2026-07-13T15:59:09.634932+00:00
demo-v1,demo/deterministic-token-hash,"{""python"": ""3.11.15"", ""platform"": ""Linux-6.12.76-linuxkit-aarch64-with-glibc2.41"", ""database"": ""PostgreSQL + pgvector"", ""demo"": true, ""git_dirty"": ""false""}",32f626a17c60ba51aeb0ffebf518229ef8a8bb99,4,0.6336669998745492,demo-q4,demo,"{""modes"": [""exact"", ""hnsw"", ""bm25"", ""hybrid""], ""top_k"": 10, ""iterations"": 5, ""warmup_queries_per_mode"": 5}",bm25,"{""top_k"": 10, ""tokenizer"": ""jieba"", ""algorithm"": ""BM25Okapi""}","[-1004, -1003]",2026-07-13T15:59:09.634932+00:00
demo-v1,demo/deterministic-token-hash,"{""python"": ""3.11.15"", ""platform"": ""Linux-6.12.76-linuxkit-aarch64-with-glibc2.41"", ""database"": ""PostgreSQL + pgvector"", ""demo"": true, ""git_dirty"": ""false""}",32f626a17c60ba51aeb0ffebf518229ef8a8bb99,4,0.7504999998673156,demo-q5,demo,"{""modes"": [""exact"", ""hnsw"", ""bm25"", ""hybrid""], ""top_k"": 10, ""iterations"": 5, ""warmup_queries_per_mode"": 5}",bm25,"{""top_k"": 10, ""tokenizer"": ""jieba"", ""algorithm"": ""BM25Okapi""}",[-1005],2026-07-13T15:59:09.634932+00:00
demo-v1,demo/deterministic-token-hash,"{""python"": ""3.11.15"", ""platform"": ""Linux-6.12.76-linuxkit-aarch64-with-glibc2.41"", ""database"": ""PostgreSQL + pgvector"", ""demo"": true, ""git_dirty"": ""false""}",32f626a17c60ba51aeb0ffebf518229ef8a8bb99,0,1.5903749999779393,demo-q1,demo,"{""modes"": [""exact"", ""hnsw"", ""bm25"", ""hybrid""], ""top_k"": 10, ""iterations"": 5, ""warmup_queries_per_mode"": 5}",hybrid,"{""top_k"": 10, ""candidate_k"": 20, ""rrf_k"": 60, ""vector_mode"": ""hnsw"", ""vector_parameters"": {""top_k"": 20, ""distance"": ""cosine"", ""m"": 16, ""ef_construction"": 64, ""ef_search"": 40, ""index"": ""ix_document_chunks_embedding_hnsw""}, ""lexical_parameters"": {""top_k"": 20, ""tokenizer"": ""jieba"", ""algorithm"": ""BM25Okapi""}}","[-1001, -1004, -1005, -1002, -1003]",2026-07-13T15:59:09.634932+00:00
demo-v1,demo/deterministic-token-hash,"{""python"": ""3.11.15"", ""platform"": ""Linux-6.12.76-linuxkit-aarch64-with-glibc2.41"", ""database"": ""PostgreSQL + pgvector"", ""demo"": true, ""git_dirty"": ""false""}",32f626a17c60ba51aeb0ffebf518229ef8a8bb99,0,2.0412499998201383,demo-q2,demo,"{""modes"": [""exact"", ""hnsw"", ""bm25"", ""hybrid""], ""top_k"": 10, ""iterations"": 5, ""warmup_queries_per_mode"": 5}",hybrid,"{""top_k"": 10, ""candidate_k"": 20, ""rrf_k"": 60, ""vector_mode"": ""hnsw"", ""vector_parameters"": {""top_k"": 20, ""distance"": ""cosine"", ""m"": 16, ""ef_construction"": 64, ""ef_search"": 40, ""index"": ""ix_document_chunks_embedding_hnsw""}, ""lexical_parameters"": {""top_k"": 20, ""tokenizer"": ""jieba"", ""algorithm"": ""BM25Okapi""}}","[-1002, -1001, -1004, -1005, -1003]",2026-07-13T15:59:09.634932+00:00
demo-v1,demo/deterministic-token-hash,"{""python"": ""3.11.15"", ""platform"": ""Linux-6.12.76-linuxkit-aarch64-with-glibc2.41"", ""database"": ""PostgreSQL + pgvector"", ""demo"": true, ""git_dirty"": ""false""}",32f626a17c60ba51aeb0ffebf518229ef8a8bb99,0,1.5294170002562169,demo-q3,demo,"{""modes"": [""exact"", ""hnsw"", ""bm25"", ""hybrid""], ""top_k"": 10, ""iterations"": 5, ""warmup_queries_per_mode"": 5}",hybrid,"{""top_k"": 10, ""candidate_k"": 20, ""rrf_k"": 60, ""vector_mode"": ""hnsw"", ""vector_parameters"": {""top_k"": 20, ""distance"": ""cosine"", ""m"": 16, ""ef_construction"": 64, ""ef_search"": 40, ""index"": ""ix_document_chunks_embedding_hnsw""}, ""lexical_parameters"": {""top_k"": 20, ""tokenizer"": ""jieba"", ""algorithm"": ""BM25Okapi""}}","[-1003, -1004, -1005, -1002, -1001]",2026-07-13T15:59:09.634932+00:00
demo-v1,demo/deterministic-token-hash,"{""python"": ""3.11.15"", ""platform"": ""Linux-6.12.76-linuxkit-aarch64-with-glibc2.41"", ""database"": ""PostgreSQL + pgvector"", ""demo"": true, ""git_dirty"": ""false""}",32f626a17c60ba51aeb0ffebf518229ef8a8bb99,0,1.5535000002273591,demo-q4,demo,"{""modes"": [""exact"", ""hnsw"", ""bm25"", ""hybrid""], ""top_k"": 10, ""iterations"": 5, ""warmup_queries_per_mode"": 5}",hybrid,"{""top_k"": 10, ""candidate_k"": 20, ""rrf_k"": 60, ""vector_mode"": ""hnsw"", ""vector_parameters"": {""top_k"": 20, ""distance"": ""cosine"", ""m"": 16, ""ef_construction"": 64, ""ef_search"": 40, ""index"": ""ix_document_chunks_embedding_hnsw""}, ""lexical_parameters"": {""top_k"": 20, ""tokenizer"": ""jieba"", ""algorithm"": ""BM25Okapi""}}","[-1004, -1003, -1002, -1001, -1005]",2026-07-13T15:59:09.634932+00:00
demo-v1,demo/deterministic-token-hash,"{""python"": ""3.11.15"", ""platform"": ""Linux-6.12.76-linuxkit-aarch64-with-glibc2.41"", ""database"": ""PostgreSQL + pgvector"", ""demo"": true, ""git_dirty"": ""false""}",32f626a17c60ba51aeb0ffebf518229ef8a8bb99,0,1.4969169997129939,demo-q5,demo,"{""modes"": [""exact"", ""hnsw"", ""bm25"", ""hybrid""], ""top_k"": 10, ""iterations"": 5, ""warmup_queries_per_mode"": 5}",hybrid,"{""top_k"": 10, ""candidate_k"": 20, ""rrf_k"": 60, ""vector_mode"": ""hnsw"", ""vector_parameters"": {""top_k"": 20, ""distance"": ""cosine"", ""m"": 16, ""ef_construction"": 64, ""ef_search"": 40, ""index"": ""ix_document_chunks_embedding_hnsw""}, ""lexical_parameters"": {""top_k"": 20, ""tokenizer"": ""jieba"", ""algorithm"": ""BM25Okapi""}}","[-1005, -1004, -1003, -1002, -1001]",2026-07-13T15:59:09.634932+00:00
demo-v1,demo/deterministic-token-hash,"{""python"": ""3.11.15"", ""platform"": ""Linux-6.12.76-linuxkit-aarch64-with-glibc2.41"", ""database"": ""PostgreSQL + pgvector"", ""demo"": true, ""git_dirty"": ""false""}",32f626a17c60ba51aeb0ffebf518229ef8a8bb99,1,1.4733749999322754,demo-q1,demo,"{""modes"": [""exact"", ""hnsw"", ""bm25"", ""hybrid""], ""top_k"": 10, ""iterations"": 5, ""warmup_queries_per_mode"": 5}",hybrid,"{""top_k"": 10, ""candidate_k"": 20, ""rrf_k"": 60, ""vector_mode"": ""hnsw"", ""vector_parameters"": {""top_k"": 20, ""distance"": ""cosine"", ""m"": 16, ""ef_construction"": 64, ""ef_search"": 40, ""index"": ""ix_document_chunks_embedding_hnsw""}, ""lexical_parameters"": {""top_k"": 20, ""tokenizer"": ""jieba"", ""algorithm"": ""BM25Okapi""}}","[-1001, -1004, -1005, -1002, -1003]",2026-07-13T15:59:09.634932+00:00
demo-v1,demo/deterministic-token-hash,"{""python"": ""3.11.15"", ""platform"": ""Linux-6.12.76-linuxkit-aarch64-with-glibc2.41"", ""database"": ""PostgreSQL + pgvector"", ""demo"": true, ""git_dirty"": ""false""}",32f626a17c60ba51aeb0ffebf518229ef8a8bb99,1,2.1581249998234853,demo-q2,demo,"{""modes"": [""exact"", ""hnsw"", ""bm25"", ""hybrid""], ""top_k"": 10, ""iterations"": 5, ""warmup_queries_per_mode"": 5}",hybrid,"{""top_k"": 10, ""candidate_k"": 20, ""rrf_k"": 60, ""vector_mode"": ""hnsw"", ""vector_parameters"": {""top_k"": 20, ""distance"": ""cosine"", ""m"": 16, ""ef_construction"": 64, ""ef_search"": 40, ""index"": ""ix_document_chunks_embedding_hnsw""}, ""lexical_parameters"": {""top_k"": 20, ""tokenizer"": ""jieba"", ""algorithm"": ""BM25Okapi""}}","[-1002, -1001, -1004, -1005, -1003]",2026-07-13T15:59:09.634932+00:00
demo-v1,demo/deterministic-token-hash,"{""python"": ""3.11.15"", ""platform"": ""Linux-6.12.76-linuxkit-aarch64-with-glibc2.41"", ""database"": ""PostgreSQL + pgvector"", ""demo"": true, ""git_dirty"": ""false""}",32f626a17c60ba51aeb0ffebf518229ef8a8bb99,1,1.4242090001062024,demo-q3,demo,"{""modes"": [""exact"", ""hnsw"", ""bm25"", ""hybrid""], ""top_k"": 10, ""iterations"": 5, ""warmup_queries_per_mode"": 5}",hybrid,"{""top_k"": 10, ""candidate_k"": 20, ""rrf_k"": 60, ""vector_mode"": ""hnsw"", ""vector_parameters"": {""top_k"": 20, ""distance"": ""cosine"", ""m"": 16, ""ef_construction"": 64, ""ef_search"": 40, ""index"": ""ix_document_chunks_embedding_hnsw""}, ""lexical_parameters"": {""top_k"": 20, ""tokenizer"": ""jieba"", ""algorithm"": ""BM25Okapi""}}","[-1003, -1004, -1005, -1002, -1001]",2026-07-13T15:59:09.634932+00:00
demo-v1,demo/deterministic-token-hash,"{""python"": ""3.11.15"", ""platform"": ""Linux-6.12.76-linuxkit-aarch64-with-glibc2.41"", ""database"": ""PostgreSQL + pgvector"", ""demo"": true, ""git_dirty"": ""false""}",32f626a17c60ba51aeb0ffebf518229ef8a8bb99,1,1.4815829999861307,demo-q4,demo,"{""modes"": [""exact"", ""hnsw"", ""bm25"", ""hybrid""], ""top_k"": 10, ""iterations"": 5, ""warmup_queries_per_mode"": 5}",hybrid,"{""top_k"": 10, ""candidate_k"": 20, ""rrf_k"": 60, ""vector_mode"": ""hnsw"", ""vector_parameters"": {""top_k"": 20, ""distance"": ""cosine"", ""m"": 16, ""ef_construction"": 64, ""ef_search"": 40, ""index"": ""ix_document_chunks_embedding_hnsw""}, ""lexical_parameters"": {""top_k"": 20, ""tokenizer"": ""jieba"", ""algorithm"": ""BM25Okapi""}}","[-1004, -1003, -1002, -1001, -1005]",2026-07-13T15:59:09.634932+00:00
demo-v1,demo/deterministic-token-hash,"{""python"": ""3.11.15"", ""platform"": ""Linux-6.12.76-linuxkit-aarch64-with-glibc2.41"", ""database"": ""PostgreSQL + pgvector"", ""demo"": true, ""git_dirty"": ""false""}",32f626a17c60ba51aeb0ffebf518229ef8a8bb99,1,1.5622910000274715,demo-q5,demo,"{""modes"": [""exact"", ""hnsw"", ""bm25"", ""hybrid""], ""top_k"": 10, ""iterations"": 5, ""warmup_queries_per_mode"": 5}",hybrid,"{""top_k"": 10, ""candidate_k"": 20, ""rrf_k"": 60, ""vector_mode"": ""hnsw"", ""vector_parameters"": {""top_k"": 20, ""distance"": ""cosine"", ""m"": 16, ""ef_construction"": 64, ""ef_search"": 40, ""index"": ""ix_document_chunks_embedding_hnsw""}, ""lexical_parameters"": {""top_k"": 20, ""tokenizer"": ""jieba"", ""algorithm"": ""BM25Okapi""}}","[-1005, -1004, -1003, -1002, -1001]",2026-07-13T15:59:09.634932+00:00
demo-v1,demo/deterministic-token-hash,"{""python"": ""3.11.15"", ""platform"": ""Linux-6.12.76-linuxkit-aarch64-with-glibc2.41"", ""database"": ""PostgreSQL + pgvector"", ""demo"": true, ""git_dirty"": ""false""}",32f626a17c60ba51aeb0ffebf518229ef8a8bb99,2,1.5080000002853922,demo-q1,demo,"{""modes"": [""exact"", ""hnsw"", ""bm25"", ""hybrid""], ""top_k"": 10, ""iterations"": 5, ""warmup_queries_per_mode"": 5}",hybrid,"{""top_k"": 10, ""candidate_k"": 20, ""rrf_k"": 60, ""vector_mode"": ""hnsw"", ""vector_parameters"": {""top_k"": 20, ""distance"": ""cosine"", ""m"": 16, ""ef_construction"": 64, ""ef_search"": 40, ""index"": ""ix_document_chunks_embedding_hnsw""}, ""lexical_parameters"": {""top_k"": 20, ""tokenizer"": ""jieba"", ""algorithm"": ""BM25Okapi""}}","[-1001, -1004, -1005, -1002, -1003]",2026-07-13T15:59:09.634932+00:00
demo-v1,demo/deterministic-token-hash,"{""python"": ""3.11.15"", ""platform"": ""Linux-6.12.76-linuxkit-aarch64-with-glibc2.41"", ""database"": ""PostgreSQL + pgvector"", ""demo"": true, ""git_dirty"": ""false""}",32f626a17c60ba51aeb0ffebf518229ef8a8bb99,2,2.084209000258852,demo-q2,demo,"{""modes"": [""exact"", ""hnsw"", ""bm25"", ""hybrid""], ""top_k"": 10, ""iterations"": 5, ""warmup_queries_per_mode"": 5}",hybrid,"{""top_k"": 10, ""candidate_k"": 20, ""rrf_k"": 60, ""vector_mode"": ""hnsw"", ""vector_parameters"": {""top_k"": 20, ""distance"": ""cosine"", ""m"": 16, ""ef_construction"": 64, ""ef_search"": 40, ""index"": ""ix_document_chunks_embedding_hnsw""}, ""lexical_parameters"": {""top_k"": 20, ""tokenizer"": ""jieba"", ""algorithm"": ""BM25Okapi""}}","[-1002, -1001, -1004, -1005, -1003]",2026-07-13T15:59:09.634932+00:00
demo-v1,demo/deterministic-token-hash,"{""python"": ""3.11.15"", ""platform"": ""Linux-6.12.76-linuxkit-aarch64-with-glibc2.41"", ""database"": ""PostgreSQL + pgvector"", ""demo"": true, ""git_dirty"": ""false""}",32f626a17c60ba51aeb0ffebf518229ef8a8bb99,2,1.5392499999506981,demo-q3,demo,"{""modes"": [""exact"", ""hnsw"", ""bm25"", ""hybrid""], ""top_k"": 10, ""iterations"": 5, ""warmup_queries_per_mode"": 5}",hybrid,"{""top_k"": 10, ""candidate_k"": 20, ""rrf_k"": 60, ""vector_mode"": ""hnsw"", ""vector_parameters"": {""top_k"": 20, ""distance"": ""cosine"", ""m"": 16, ""ef_construction"": 64, ""ef_search"": 40, ""index"": ""ix_document_chunks_embedding_hnsw""}, ""lexical_parameters"": {""top_k"": 20, ""tokenizer"": ""jieba"", ""algorithm"": ""BM25Okapi""}}","[-1003, -1004, -1005, -1002, -1001]",2026-07-13T15:59:09.634932+00:00
demo-v1,demo/deterministic-token-hash,"{""python"": ""3.11.15"", ""platform"": ""Linux-6.12.76-linuxkit-aarch64-with-glibc2.41"", ""database"": ""PostgreSQL + pgvector"", ""demo"": true, ""git_dirty"": ""false""}",32f626a17c60ba51aeb0ffebf518229ef8a8bb99,2,1.5165410000008706,demo-q4,demo,"{""modes"": [""exact"", ""hnsw"", ""bm25"", ""hybrid""], ""top_k"": 10, ""iterations"": 5, ""warmup_queries_per_mode"": 5}",hybrid,"{""top_k"": 10, ""candidate_k"": 20, ""rrf_k"": 60, ""vector_mode"": ""hnsw"", ""vector_parameters"": {""top_k"": 20, ""distance"": ""cosine"", ""m"": 16, ""ef_construction"": 64, ""ef_search"": 40, ""index"": ""ix_document_chunks_embedding_hnsw""}, ""lexical_parameters"": {""top_k"": 20, ""tokenizer"": ""jieba"", ""algorithm"": ""BM25Okapi""}}","[-1004, -1003, -1002, -1001, -1005]",2026-07-13T15:59:09.634932+00:00
demo-v1,demo/deterministic-token-hash,"{""python"": ""3.11.15"", ""platform"": ""Linux-6.12.76-linuxkit-aarch64-with-glibc2.41"", ""database"": ""PostgreSQL + pgvector"", ""demo"": true, ""git_dirty"": ""false""}",32f626a17c60ba51aeb0ffebf518229ef8a8bb99,2,1.5305829997487308,demo-q5,demo,"{""modes"": [""exact"", ""hnsw"", ""bm25"", ""hybrid""], ""top_k"": 10, ""iterations"": 5, ""warmup_queries_per_mode"": 5}",hybrid,"{""top_k"": 10, ""candidate_k"": 20, ""rrf_k"": 60, ""vector_mode"": ""hnsw"", ""vector_parameters"": {""top_k"": 20, ""distance"": ""cosine"", ""m"": 16, ""ef_construction"": 64, ""ef_search"": 40, ""index"": ""ix_document_chunks_embedding_hnsw""}, ""lexical_parameters"": {""top_k"": 20, ""tokenizer"": ""jieba"", ""algorithm"": ""BM25Okapi""}}","[-1005, -1004, -1003, -1002, -1001]",2026-07-13T15:59:09.634932+00:00
demo-v1,demo/deterministic-token-hash,"{""python"": ""3.11.15"", ""platform"": ""Linux-6.12.76-linuxkit-aarch64-with-glibc2.41"", ""database"": ""PostgreSQL + pgvector"", ""demo"": true, ""git_dirty"": ""false""}",32f626a17c60ba51aeb0ffebf518229ef8a8bb99,3,1.555124999867985,demo-q1,demo,"{""modes"": [""exact"", ""hnsw"", ""bm25"", ""hybrid""], ""top_k"": 10, ""iterations"": 5, ""warmup_queries_per_mode"": 5}",hybrid,"{""top_k"": 10, ""candidate_k"": 20, ""rrf_k"": 60, ""vector_mode"": ""hnsw"", ""vector_parameters"": {""top_k"": 20, ""distance"": ""cosine"", ""m"": 16, ""ef_construction"": 64, ""ef_search"": 40, ""index"": ""ix_document_chunks_embedding_hnsw""}, ""lexical_parameters"": {""top_k"": 20, ""tokenizer"": ""jieba"", ""algorithm"": ""BM25Okapi""}}","[-1001, -1004, -1005, -1002, -1003]",2026-07-13T15:59:09.634932+00:00
demo-v1,demo/deterministic-token-hash,"{""python"": ""3.11.15"", ""platform"": ""Linux-6.12.76-linuxkit-aarch64-with-glibc2.41"", ""database"": ""PostgreSQL + pgvector"", ""demo"": true, ""git_dirty"": ""false""}",32f626a17c60ba51aeb0ffebf518229ef8a8bb99,3,1.7430410002816643,demo-q2,demo,"{""modes"": [""exact"", ""hnsw"", ""bm25"", ""hybrid""], ""top_k"": 10, ""iterations"": 5, ""warmup_queries_per_mode"": 5}",hybrid,"{""top_k"": 10, ""candidate_k"": 20, ""rrf_k"": 60, ""vector_mode"": ""hnsw"", ""vector_parameters"": {""top_k"": 20, ""distance"": ""cosine"", ""m"": 16, ""ef_construction"": 64, ""ef_search"": 40, ""index"": ""ix_document_chunks_embedding_hnsw""}, ""lexical_parameters"": {""top_k"": 20, ""tokenizer"": ""jieba"", ""algorithm"": ""BM25Okapi""}}","[-1002, -1001, -1004, -1005, -1003]",2026-07-13T15:59:09.634932+00:00
demo-v1,demo/deterministic-token-hash,"{""python"": ""3.11.15"", ""platform"": ""Linux-6.12.76-linuxkit-aarch64-with-glibc2.41"", ""database"": ""PostgreSQL + pgvector"", ""demo"": true, ""git_dirty"": ""false""}",32f626a17c60ba51aeb0ffebf518229ef8a8bb99,3,1.4052920000722224,demo-q3,demo,"{""modes"": [""exact"", ""hnsw"", ""bm25"", ""hybrid""], ""top_k"": 10, ""iterations"": 5, ""warmup_queries_per_mode"": 5}",hybrid,"{""top_k"": 10, ""candidate_k"": 20, ""rrf_k"": 60, ""vector_mode"": ""hnsw"", ""vector_parameters"": {""top_k"": 20, ""distance"": ""cosine"", ""m"": 16, ""ef_construction"": 64, ""ef_search"": 40, ""index"": ""ix_document_chunks_embedding_hnsw""}, ""lexical_parameters"": {""top_k"": 20, ""tokenizer"": ""jieba"", ""algorithm"": ""BM25Okapi""}}","[-1003, -1004, -1005, -1002, -1001]",2026-07-13T15:59:09.634932+00:00
demo-v1,demo/deterministic-token-hash,"{""python"": ""3.11.15"", ""platform"": ""Linux-6.12.76-linuxkit-aarch64-with-glibc2.41"", ""database"": ""PostgreSQL + pgvector"", ""demo"": true, ""git_dirty"": ""false""}",32f626a17c60ba51aeb0ffebf518229ef8a8bb99,3,1.7792080002436705,demo-q4,demo,"{""modes"": [""exact"", ""hnsw"", ""bm25"", ""hybrid""], ""top_k"": 10, ""iterations"": 5, ""warmup_queries_per_mode"": 5}",hybrid,"{""top_k"": 10, ""candidate_k"": 20, ""rrf_k"": 60, ""vector_mode"": ""hnsw"", ""vector_parameters"": {""top_k"": 20, ""distance"": ""cosine"", ""m"": 16, ""ef_construction"": 64, ""ef_search"": 40, ""index"": ""ix_document_chunks_embedding_hnsw""}, ""lexical_parameters"": {""top_k"": 20, ""tokenizer"": ""jieba"", ""algorithm"": ""BM25Okapi""}}","[-1004, -1003, -1002, -1001, -1005]",2026-07-13T15:59:09.634932+00:00
demo-v1,demo/deterministic-token-hash,"{""python"": ""3.11.15"", ""platform"": ""Linux-6.12.76-linuxkit-aarch64-with-glibc2.41"", ""database"": ""PostgreSQL + pgvector"", ""demo"": true, ""git_dirty"": ""false""}",32f626a17c60ba51aeb0ffebf518229ef8a8bb99,3,1.5380830000140122,demo-q5,demo,"{""modes"": [""exact"", ""hnsw"", ""bm25"", ""hybrid""], ""top_k"": 10, ""iterations"": 5, ""warmup_queries_per_mode"": 5}",hybrid,"{""top_k"": 10, ""candidate_k"": 20, ""rrf_k"": 60, ""vector_mode"": ""hnsw"", ""vector_parameters"": {""top_k"": 20, ""distance"": ""cosine"", ""m"": 16, ""ef_construction"": 64, ""ef_search"": 40, ""index"": ""ix_document_chunks_embedding_hnsw""}, ""lexical_parameters"": {""top_k"": 20, ""tokenizer"": ""jieba"", ""algorithm"": ""BM25Okapi""}}","[-1005, -1004, -1003, -1002, -1001]",2026-07-13T15:59:09.634932+00:00
demo-v1,demo/deterministic-token-hash,"{""python"": ""3.11.15"", ""platform"": ""Linux-6.12.76-linuxkit-aarch64-with-glibc2.41"", ""database"": ""PostgreSQL + pgvector"", ""demo"": true, ""git_dirty"": ""false""}",32f626a17c60ba51aeb0ffebf518229ef8a8bb99,4,2.167334000205301,demo-q1,demo,"{""modes"": [""exact"", ""hnsw"", ""bm25"", ""hybrid""], ""top_k"": 10, ""iterations"": 5, ""warmup_queries_per_mode"": 5}",hybrid,"{""top_k"": 10, ""candidate_k"": 20, ""rrf_k"": 60, ""vector_mode"": ""hnsw"", ""vector_parameters"": {""top_k"": 20, ""distance"": ""cosine"", ""m"": 16, ""ef_construction"": 64, ""ef_search"": 40, ""index"": ""ix_document_chunks_embedding_hnsw""}, ""lexical_parameters"": {""top_k"": 20, ""tokenizer"": ""jieba"", ""algorithm"": ""BM25Okapi""}}","[-1001, -1004, -1005, -1002, -1003]",2026-07-13T15:59:09.634932+00:00
demo-v1,demo/deterministic-token-hash,"{""python"": ""3.11.15"", ""platform"": ""Linux-6.12.76-linuxkit-aarch64-with-glibc2.41"", ""database"": ""PostgreSQL + pgvector"", ""demo"": true, ""git_dirty"": ""false""}",32f626a17c60ba51aeb0ffebf518229ef8a8bb99,4,1.6132079999806592,demo-q2,demo,"{""modes"": [""exact"", ""hnsw"", ""bm25"", ""hybrid""], ""top_k"": 10, ""iterations"": 5, ""warmup_queries_per_mode"": 5}",hybrid,"{""top_k"": 10, ""candidate_k"": 20, ""rrf_k"": 60, ""vector_mode"": ""hnsw"", ""vector_parameters"": {""top_k"": 20, ""distance"": ""cosine"", ""m"": 16, ""ef_construction"": 64, ""ef_search"": 40, ""index"": ""ix_document_chunks_embedding_hnsw""}, ""lexical_parameters"": {""top_k"": 20, ""tokenizer"": ""jieba"", ""algorithm"": ""BM25Okapi""}}","[-1002, -1001, -1004, -1005, -1003]",2026-07-13T15:59:09.634932+00:00
demo-v1,demo/deterministic-token-hash,"{""python"": ""3.11.15"", ""platform"": ""Linux-6.12.76-linuxkit-aarch64-with-glibc2.41"", ""database"": ""PostgreSQL + pgvector"", ""demo"": true, ""git_dirty"": ""false""}",32f626a17c60ba51aeb0ffebf518229ef8a8bb99,4,1.5590410002914723,demo-q3,demo,"{""modes"": [""exact"", ""hnsw"", ""bm25"", ""hybrid""], ""top_k"": 10, ""iterations"": 5, ""warmup_queries_per_mode"": 5}",hybrid,"{""top_k"": 10, ""candidate_k"": 20, ""rrf_k"": 60, ""vector_mode"": ""hnsw"", ""vector_parameters"": {""top_k"": 20, ""distance"": ""cosine"", ""m"": 16, ""ef_construction"": 64, ""ef_search"": 40, ""index"": ""ix_document_chunks_embedding_hnsw""}, ""lexical_parameters"": {""top_k"": 20, ""tokenizer"": ""jieba"", ""algorithm"": ""BM25Okapi""}}","[-1003, -1004, -1005, -1002, -1001]",2026-07-13T15:59:09.634932+00:00
demo-v1,demo/deterministic-token-hash,"{""python"": ""3.11.15"", ""platform"": ""Linux-6.12.76-linuxkit-aarch64-with-glibc2.41"", ""database"": ""PostgreSQL + pgvector"", ""demo"": true, ""git_dirty"": ""false""}",32f626a17c60ba51aeb0ffebf518229ef8a8bb99,4,1.7105000001720327,demo-q4,demo,"{""modes"": [""exact"", ""hnsw"", ""bm25"", ""hybrid""], ""top_k"": 10, ""iterations"": 5, ""warmup_queries_per_mode"": 5}",hybrid,"{""top_k"": 10, ""candidate_k"": 20, ""rrf_k"": 60, ""vector_mode"": ""hnsw"", ""vector_parameters"": {""top_k"": 20, ""distance"": ""cosine"", ""m"": 16, ""ef_construction"": 64, ""ef_search"": 40, ""index"": ""ix_document_chunks_embedding_hnsw""}, ""lexical_parameters"": {""top_k"": 20, ""tokenizer"": ""jieba"", ""algorithm"": ""BM25Okapi""}}","[-1004, -1003, -1002, -1001, -1005]",2026-07-13T15:59:09.634932+00:00
demo-v1,demo/deterministic-token-hash,"{""python"": ""3.11.15"", ""platform"": ""Linux-6.12.76-linuxkit-aarch64-with-glibc2.41"", ""database"": ""PostgreSQL + pgvector"", ""demo"": true, ""git_dirty"": ""false""}",32f626a17c60ba51aeb0ffebf518229ef8a8bb99,4,1.821999999719992,demo-q5,demo,"{""modes"": [""exact"", ""hnsw"", ""bm25"", ""hybrid""], ""top_k"": 10, ""iterations"": 5, ""warmup_queries_per_mode"": 5}",hybrid,"{""top_k"": 10, ""candidate_k"": 20, ""rrf_k"": 60, ""vector_mode"": ""hnsw"", ""vector_parameters"": {""top_k"": 20, ""distance"": ""cosine"", ""m"": 16, ""ef_construction"": 64, ""ef_search"": 40, ""index"": ""ix_document_chunks_embedding_hnsw""}, ""lexical_parameters"": {""top_k"": 20, ""tokenizer"": ""jieba"", ""algorithm"": ""BM25Okapi""}}","[-1005, -1004, -1003, -1002, -1001]",2026-07-13T15:59:09.634932+00:00
